INSERT INTO DEPARTMENTS (ID, EMPLOYEE_ID, NAME, PARENTDEPARTMENT_ID) 
VALUES (1, NULL , 'Главное Управление', NULL );
INSERT INTO DEPARTMENTS (ID, EMPLOYEE_ID, NAME, PARENTDEPARTMENT_ID) 
VALUES (2, NULL , 'Отдел разработки', 1 );
INSERT INTO DEPARTMENTS (ID, EMPLOYEE_ID, NAME, PARENTDEPARTMENT_ID) 
VALUES (3, NULL , 'BPM', 2 );
INSERT INTO DEPARTMENTS (ID, EMPLOYEE_ID, NAME, PARENTDEPARTMENT_ID) 
VALUES (4, NULL , 'SAP', 2 );
INSERT INTO DEPARTMENTS (ID, EMPLOYEE_ID, NAME, PARENTDEPARTMENT_ID) 
VALUES (5, NULL , 'HR', 1 );

INSERT INTO SCANS (ID, SCAN) 
VALUES (1, NULL);
INSERT INTO SCANS (ID, SCAN) 
VALUES (2, NULL);
INSERT INTO SCANS (ID, SCAN) 
VALUES (3, NULL);
INSERT INTO SCANS (ID, SCAN) 
VALUES (4, NULL);
INSERT INTO SCANS (ID, SCAN) 
VALUES (5, NULL);

INSERT INTO GRADES (ID, NAME) 
VALUES (1, 'стажёр');
INSERT INTO GRADES (ID, NAME) 
VALUES (2, 'младший разработчик');
INSERT INTO GRADES (ID, NAME) 
VALUES (3, 'разработчик');
INSERT INTO GRADES (ID, NAME) 
VALUES (4, 'старший разработчик');
INSERT INTO GRADES (ID, NAME) 
VALUES (5, 'ведущий разработчик');


INSERT INTO POSTS (ID, NAME) 
VALUES (1, 'технический директор');
INSERT INTO POSTS (ID, NAME) 
VALUES (2, 'главный бухгалтер');
INSERT INTO POSTS (ID, NAME) 
VALUES (3, 'директор по маркетингу');
INSERT INTO POSTS (ID, NAME) 
VALUES (4, 'руководитель отдела');
INSERT INTO POSTS (ID, NAME) 
VALUES (5, 'менеджер по информатизации');
INSERT INTO POSTS (ID, NAME) 
VALUES (6, 'главный операционный директор');
INSERT INTO POSTS (ID, NAME) 
VALUES (7, 'исполнительный директор');
INSERT INTO POSTS (ID, NAME) 
VALUES (8, 'финансовый директор');
INSERT INTO POSTS (ID, NAME) 
VALUES (9, 'главный исполнительный директор');


INSERT INTO CERTIFICATES (ID, CERTDATE, CERTNAME, CERTNUMBER, COMPANY, SCAN_ID) 
VALUES (1, TO_DATE('2015/11/21 15:45:48', 'yyyy/mm/dd hh24:mi:ss'), 'IBM Certificate',    123456789, 'IBM',    1);
INSERT INTO CERTIFICATES (ID, CERTDATE, CERTNAME, CERTNUMBER, COMPANY, SCAN_ID) 
VALUES (2, TO_DATE('2014/06/25 11:45:58', 'yyyy/mm/dd hh24:mi:ss'), 'Oracle Certificate', 987654321, 'Oracle', 2);
INSERT INTO CERTIFICATES (ID, CERTDATE, CERTNAME, CERTNUMBER, COMPANY, SCAN_ID) 
VALUES (3, TO_DATE('2012/01/11 13:22:28', 'yyyy/mm/dd hh24:mi:ss'), 'Nvidia Certificate', 147852369, 'Nvidia', 3);
INSERT INTO CERTIFICATES (ID, CERTDATE, CERTNAME, CERTNUMBER, COMPANY, SCAN_ID) 
VALUES (4, TO_DATE('2003/04/03 05:51:18', 'yyyy/mm/dd hh24:mi:ss'), 'AMD Certificate',    369852147, 'AMD',    4);
INSERT INTO CERTIFICATES (ID, CERTDATE, CERTNAME, CERTNUMBER, COMPANY, SCAN_ID) 
VALUES (5, TO_DATE('2007/02/05 16:35:18', 'yyyy/mm/dd hh24:mi:ss'), 'INTEL Certificate',  159357456, 'Intel',  5);

INSERT INTO EMPLOYEES (ID, NAME, SURNAME, PATRONYMIC, BIRTHDATE, SALARY, HIST_ID, IS_ACTIVE, START_DATE, END_DATE, DEPARTMENT_ID, POST_ID, GRADE_ID, CERTIFICATE_ID) 
VALUES (1, 'Иван' ,    'Трутнев',     'Никитич',     DATE '1980-01-03', 320000, 1, 1, CURRENT_DATE, NULL, 1, 1,  5, 2);
INSERT INTO EMPLOYEES (ID, NAME, SURNAME, PATRONYMIC, BIRTHDATE, SALARY, HIST_ID, IS_ACTIVE, START_DATE, END_DATE, DEPARTMENT_ID, POST_ID, GRADE_ID, CERTIFICATE_ID) 
VALUES (2, 'Мария' ,   'Смирнова',    NULL ,         DATE '1983-04-23', 302000, 2, 1, CURRENT_DATE, NULL, 3, 6,  5, 3);
INSERT INTO EMPLOYEES (ID, NAME, SURNAME, PATRONYMIC, BIRTHDATE, SALARY, HIST_ID, IS_ACTIVE, START_DATE, END_DATE, DEPARTMENT_ID, POST_ID, GRADE_ID, CERTIFICATE_ID) 
VALUES (3, 'Степан' ,  'Крузенштерн', 'Федорович',   DATE '1978-07-21', 306000, 3, 1, CURRENT_DATE, NULL, 2, 1,  5, 1);
INSERT INTO EMPLOYEES (ID, NAME, SURNAME, PATRONYMIC, BIRTHDATE, SALARY, HIST_ID, IS_ACTIVE, START_DATE, END_DATE, DEPARTMENT_ID, POST_ID, GRADE_ID, CERTIFICATE_ID) 
VALUES (4, 'Виктор' ,  'Толстой',     'Иванович',    DATE '1988-09-30', 132000, 4, 1, CURRENT_DATE, NULL, 3, 4,  4, 1);
INSERT INTO EMPLOYEES (ID, NAME, SURNAME, PATRONYMIC, BIRTHDATE, SALARY, HIST_ID, IS_ACTIVE, START_DATE, END_DATE, DEPARTMENT_ID, POST_ID, GRADE_ID, CERTIFICATE_ID) 
VALUES (5, 'Алина' ,   'Казина',      'Попович',     DATE '1993-08-11', 120000, 5, 1, CURRENT_DATE, NULL, 4, 4,  4, 2);
INSERT INTO EMPLOYEES (ID, NAME, SURNAME, PATRONYMIC, BIRTHDATE, SALARY, HIST_ID, IS_ACTIVE, START_DATE, END_DATE, DEPARTMENT_ID, POST_ID, GRADE_ID, CERTIFICATE_ID) 
VALUES (6, 'Ольга' ,   'Ватрушкина',  'Яколевна',    DATE '1992-08-20', 30020,  6, 1, CURRENT_DATE, NULL, 5, 11, 2, 4);
INSERT INTO EMPLOYEES (ID, NAME, SURNAME, PATRONYMIC, BIRTHDATE, SALARY, HIST_ID, IS_ACTIVE, START_DATE, END_DATE, DEPARTMENT_ID, POST_ID, GRADE_ID, CERTIFICATE_ID) 
VALUES (7, 'Дмитрий' , 'Трутнев',     NULL ,         DATE '1973-07-01', 32000,  7, 1, CURRENT_DATE, NULL, 3, 11, 1, 5);
INSERT INTO EMPLOYEES (ID, NAME, SURNAME, PATRONYMIC, BIRTHDATE, SALARY, HIST_ID, IS_ACTIVE, START_DATE, END_DATE, DEPARTMENT_ID, POST_ID, GRADE_ID, CERTIFICATE_ID) 
VALUES (8, 'Петр' ,    'Мурзиков',    'Михайлович' , DATE '1973-07-01', 26000,  8, 1, CURRENT_DATE, NULL, 4, 11, 1, 5);

UPDATE DEPARTMENTS SET EMPLOYEE_ID = 1 WHERE DEPARTMENT.ID = 1;
UPDATE DEPARTMENTS SET EMPLOYEE_ID = 3 WHERE DEPARTMENT.ID = 2;
UPDATE DEPARTMENTS SET EMPLOYEE_ID = 2 WHERE DEPARTMENT.ID = 3;
